student_id,student_name
2105224,Bruce Banner
2105221,Carol Danvers
2105228,Clint Barton
2105258,Harvey Oswald
2105225,Matthew Murdock
2105229,Natasha Romanoff
2105222,Peter Parker
2105219,Sammy Adams
2105223,Stephen Strange
2105227,Steven Rogers
2105230,Thor Odinson
2105226,Tony Stark
2105224,Bruce Banner
2105221,Carol Danvers
2105228,Clint Barton
2105258,Harvey Oswald
2105225,Matthew Murdock
2105229,Natasha Romanoff
2105222,Peter Parker
2105219,Sammy Adams
2105223,Stephen Strange
2105227,Steven Rogers
2105230,Thor Odinson
2105226,Tony Stark
2105224,Bruce Banner
2105221,Carol Danvers
2105228,Clint Barton
2105258,Harvey Oswald
2105225,Matthew Murdock
2105229,Natasha Romanoff
2105222,Peter Parker
2105219,Sammy Adams
2105223,Stephen Strange
2105227,Steven Rogers
2105230,Thor Odinson
2105226,Tony Stark
2105224,Bruce Banner
2105221,Carol Danvers
2105228,Clint Barton
2105258,Harvey Oswald
2105225,Matthew Murdock
2105229,Natasha Romanoff
2105222,Peter Parker
2105219,Sammy Adams
2105223,Stephen Strange
2105227,Steven Rogers
2105230,Thor Odinson
2105226,Tony Stark
2105224,Bruce Banner
2105221,Carol Danvers
2105228,Clint Barton
2105258,Harvey Oswald
2105225,Matthew Murdock
2105229,Natasha Romanoff
2105222,Peter Parker
2105219,Sammy Adams
2105223,Stephen Strange
2105227,Steven Rogers
2105230,Thor Odinson
2105226,Tony Stark
2105224,Bruce Banner
2105221,Carol Danvers
2105228,Clint Barton
2105258,Harvey Oswald
2105225,Matthew Murdock
2105229,Natasha Romanoff
2105222,Peter Parker
2105219,Sammy Adams
2105223,Stephen Strange
2105227,Steven Rogers
2105230,Thor Odinson
2105226,Tony Stark
2105224,Bruce Banner
2105221,Carol Danvers
2105228,Clint Barton
2105258,Harvey Oswald
2105225,Matthew Murdock
2105229,Natasha Romanoff
2105222,Peter Parker
2105219,Sammy Adams
2105223,Stephen Strange
2105227,Steven Rogers
2105230,Thor Odinson
2105226,Tony Stark
2105224,Bruce Banner
2105221,Carol Danvers
2105228,Clint Barton
2105258,Harvey Oswald
2105225,Matthew Murdock
2105229,Natasha Romanoff
2105222,Peter Parker
2105219,Sammy Adams
2105223,Stephen Strange
2105227,Steven Rogers
2105230,Thor Odinson
2105226,Tony Stark
2105224,Bruce Banner
2105221,Carol Danvers
2105228,Clint Barton
2105258,Harvey Oswald
2105225,Matthew Murdock
2105229,Natasha Romanoff
2105222,Peter Parker
2105219,Sammy Adams
2105223,Stephen Strange
2105227,Steven Rogers
2105230,Thor Odinson
2105226,Tony Stark
2105224,Bruce Banner
2105221,Carol Danvers
2105228,Clint Barton
2105258,Harvey Oswald
2105225,Matthew Murdock
2105229,Natasha Romanoff
2105222,Peter Parker
2105219,Sammy Adams
2105223,Stephen Strange
2105227,Steven Rogers
2105230,Thor Odinson
2105226,Tony Stark
